City_ID,City,Lat,Lng,Max Temp,Humidity,Cloudiness,Wind Speed,Country,Date
0,port-aux-francais,-49.35,70.2167,3.33,77,49,16.3,TF,1691718643
1,fada,9.5667,8.3,19.55,95,100,0.72,NG,1691718643
2,tual,-5.6667,132.75,25.64,81,35,8.72,ID,1691718076
3,kudahuvadhoo,2.6708,72.8944,27.93,76,100,6.14,MV,1691718643
4,adamstown,-25.066,-130.1015,18.45,57,15,10.57,PN,1691718643
5,grytviken,-54.2811,-36.5092,0.14,98,100,5.28,GS,1691718643
6,albany,42.6001,-73.9662,19.82,91,42,1.44,US,1691718633
7,utrik,11.2278,169.8474,28.18,76,6,5.84,MH,1691718118
8,okha,53.5739,142.9478,15.89,76,8,6.09,RU,1691718123
9,mount pearl,47.5166,-52.7813,17.4,94,75,3.09,CA,1691718136
10,glace bay,46.1969,-59.957,17.25,87,75,6.17,CA,1691718644
11,santa marta,11.2408,-74.199,30.03,74,20,2.06,CO,1691718571
12,sitka,57.0531,-135.33,15.94,82,100,3.6,US,1691718644
13,taltal,-25.4,-70.4833,18.36,59,99,1.96,CL,1691718644
14,hamilton,39.1834,-84.5333,23.57,81,20,2.57,US,1691718644
15,uturoa,-16.7333,-151.4333,24.98,70,99,8.78,PF,1691718644
16,ushuaia,-54.8,-68.3,1.81,87,75,1.54,AR,1691718644
17,margaret river,-33.95,115.0667,14.43,67,22,2.35,AU,1691718644
18,waitangi,-43.9535,-176.5597,12.12,89,100,3.13,NZ,1691718644
19,edinburgh of the seven seas,-37.0676,-12.3116,12.0,74,96,12.84,SH,1691718644
20,puerto baquerizo moreno,-0.9,-89.6,23.85,83,64,6.23,EC,1691718118
21,cole harbour,44.6724,-63.4751,20.66,84,100,3.6,CA,1691718645
22,taperoa,-7.2075,-36.8267,19.34,80,4,5.72,BR,1691718645
23,west island,-12.1568,96.8225,25.99,83,40,6.69,CC,1691718645
24,kujang-up,39.8672,126.0303,23.13,95,100,0.44,KP,1691718645
25,saipan,15.1355,145.701,27.39,100,100,6.26,MP,1691718645
26,susuman,62.7833,148.1667,19.46,39,7,0.75,RU,1691718645
27,bocas del toro,9.3333,-82.25,25.12,80,100,2.41,PA,1691718645
28,iqaluit,63.7506,-68.5145,4.85,93,75,3.6,CA,1691718645
29,kapuskasing,49.4169,-82.4331,16.05,88,75,3.6,CA,1691717841
30,port lincoln,-34.7333,135.8667,13.31,62,99,2.28,AU,1691718108
31,fort bragg,35.139,-79.006,27.75,83,0,1.54,US,1691718645
32,torbat-e heydariyeh,35.274,59.2195,22.46,31,0,4.03,IR,1691718646
33,broken hill,-31.95,141.4333,16.12,41,0,2.67,AU,1691718184
34,callao,-12.0667,-77.15,21.16,73,100,4.63,PE,1691718646
35,stanley,54.868,-1.6985,19.29,87,0,1.54,GB,1691718445
36,gweru,-19.45,29.8167,11.02,76,100,4.36,ZW,1691718571
37,puerto san jose,13.9256,-90.8244,27.96,83,97,3.37,GT,1691718646
38,hadibu,12.65,54.0333,25.43,81,100,7.71,YE,1691718070
39,anadyr,64.75,177.4833,11.28,76,100,1.0,RU,1691718646
40,invercargill,-46.4,168.35,8.34,74,91,1.34,NZ,1691718643
41,avarua,-21.2078,-159.775,23.03,94,75,5.14,CK,1691718646
42,fort st. john,56.2499,-120.8529,16.94,77,75,3.6,CA,1691718533
43,haiku-pauwela,20.9219,-156.3051,29.01,66,20,8.23,US,1691718082
44,wailua homesteads,22.0669,-159.378,30.44,70,20,6.17,US,1691718646
45,novo aripuana,-5.1206,-60.3797,26.22,68,27,1.13,BR,1691718646
46,puerto natales,-51.7236,-72.4875,-0.71,94,22,1.63,CL,1691718647
47,atafu village,-8.5421,-172.5159,28.13,75,72,4.61,TK,1691718647
48,punta alta,-38.8759,-62.0736,11.71,53,78,5.0,AR,1691718647
49,blackmans bay,-43.0167,147.3167,12.07,71,100,2.82,AU,1691718647
50,bethel,41.3712,-73.414,21.4,86,93,1.3,US,1691718647
51,thompson,55.7435,-97.8558,17.09,55,100,1.03,CA,1691718647
52,saint-joseph,-21.3667,55.6167,19.21,77,0,1.59,RE,1691718131
53,tabas,33.5959,56.9244,28.12,20,0,1.03,IR,1691718647
54,pemangkat,1.1667,108.9667,27.43,78,98,4.98,ID,1691718647
55,tiksi,71.6872,128.8694,20.0,37,8,5.34,RU,1691718647
56,amahai,-3.3333,128.9167,26.4,79,88,3.6,ID,1691718647
57,prabumulih,-3.45,104.25,27.51,65,50,2.3,ID,1691718647
58,keflavik,64.0049,-22.5624,13.95,82,0,5.14,IS,1691718648
59,bunbury,-33.3333,115.6333,12.77,76,69,2.05,AU,1691718648
60,mabaruma,8.2,-59.7833,24.39,92,36,1.32,GY,1691718648
61,yellowknife,62.456,-114.3525,21.29,43,100,1.54,CA,1691718648
62,ribeira grande,38.5167,-28.7,20.99,88,0,3.58,PT,1691718648
63,st. john's,47.5649,-52.7093,17.66,93,75,3.09,CA,1691718607
64,bhamo,24.2667,97.2333,24.44,99,100,0.44,MM,1691718648
65,egilsstadir,65.2653,-14.3948,6.95,93,75,3.09,IS,1691718100
66,remire-montjoly,4.9167,-52.2667,25.02,94,56,0.0,GF,1691718648
67,los villares,37.3482,-3.3314,26.05,26,0,1.52,ES,1691718648
68,naukot,24.8587,69.4024,28.55,69,97,7.41,PK,1691718648
69,balqash,46.8481,74.995,21.33,78,75,1.0,KZ,1691718648
70,igarka,67.4667,86.5833,10.39,90,100,7.5,RU,1691718649
71,bredasdorp,-34.5322,20.0403,12.23,73,0,1.07,ZA,1691718649
72,isafjordur,66.0755,-23.124,6.54,91,65,4.6,IS,1691718077
73,kamaishi,39.2667,141.8833,28.89,70,7,3.63,JP,1691718649
74,andilamena,-17.0167,48.5833,14.25,87,100,2.06,MG,1691718649
75,zajecar,43.9036,22.2641,13.58,82,4,2.13,RS,1691718649
76,port saint john's,-31.6229,29.5448,16.25,84,0,3.36,ZA,1691718649
77,iskateley,67.6803,53.1512,13.12,72,6,1.05,RU,1691718649
78,lebu,-37.6167,-73.65,8.85,75,100,3.85,CL,1691718389
79,belmonte,-15.8631,-38.8828,22.06,82,97,2.29,BR,1691718169
80,bilibino,68.0546,166.4372,13.78,66,99,1.64,RU,1691718649
81,whitehorse,60.7161,-135.0538,20.05,76,75,1.03,CA,1691718631
82,badger,64.8,-147.5333,20.93,71,20,1.54,US,1691718650
83,toliara,-23.35,43.6667,16.24,76,0,5.9,MG,1691718183
84,shimoda,34.6667,138.95,30.2,68,1,7.22,JP,1691718650
85,victorica,-36.2151,-65.4359,13.12,43,62,9.27,AR,1691718650
86,kankaanpaa,61.8,22.4167,12.42,93,99,4.33,FI,1691718650
87,port elizabeth,-33.918,25.5701,20.61,67,0,2.06,ZA,1691718650
88,el alto,-4.2714,-81.2147,21.81,86,7,8.01,PE,1691718650
89,puerto colombia,10.9878,-74.9547,28.05,85,75,6.38,CO,1691718650
90,zaozersk,69.4005,32.4476,15.13,89,3,3.9,RU,1691718650
91,cabo san lucas,22.8909,-109.9124,32.56,72,40,2.57,MX,1691718105
92,el triunfo,-1.9333,-79.9667,28.02,74,79,3.52,EC,1691718651
93,greenland,43.0362,-70.8328,22.37,89,100,2.57,US,1691718651
94,hermanus,-34.4187,19.2345,15.18,57,0,1.26,ZA,1691718651
95,chonchi,-42.6128,-73.8092,4.56,93,32,1.99,CL,1691718651
96,santa rita,-7.1139,-34.9781,23.37,88,75,4.12,BR,1691718651
97,ilulissat,69.2167,-51.1,7.01,81,75,1.54,GL,1691718651
98,alice springs,-23.7,133.8833,23.75,20,0,3.6,AU,1691718651
99,ust-nera,64.5667,143.2,23.65,35,59,0.56,RU,1691718651
100,baiti,13.745,-14.7482,25.13,86,85,3.51,SN,1691718651
101,east london,-33.0153,27.9116,18.22,53,0,4.36,ZA,1691718651
102,segezha,63.7415,34.3222,13.81,79,4,0.68,RU,1691718651
103,aasiaat,68.7098,-52.8699,3.68,88,100,0.77,GL,1691718651
104,tura,25.5198,90.2201,24.64,97,100,2.51,IN,1691718085
105,levuka,50.1834,-105.4011,15.84,44,72,4.11,CA,1691718160
106,bodaybo,57.8506,114.1933,19.82,85,100,1.1,RU,1691718652
107,armacao de buzios,-22.7469,-41.8817,22.03,89,8,8.15,BR,1691718384
108,enewetak,11.3474,162.3373,28.58,76,27,5.71,MH,1691718652
109,port alfred,-33.5906,26.891,19.14,48,0,4.33,ZA,1691718652
110,kavaratti,10.5669,72.642,27.88,75,99,7.57,IN,1691718652
111,puerto ayora,-0.7393,-90.3518,24.75,93,36,2.24,EC,1691718652
112,san antonio de pale,-1.4014,5.6325,23.33,87,99,4.72,GQ,1691718181
113,shortandy,51.7006,70.9994,14.77,66,96,5.84,KZ,1691718652
114,crucecita,-28.95,-58.9833,19.41,92,0,2.19,AR,1691718652
115,mayahi,13.9553,7.6712,25.9,62,100,2.8,NE,1691718652
116,rakops,-21.0167,24.3333,12.89,72,0,4.4,BW,1691718652
117,windhoek,-22.5594,17.0832,15.11,33,95,1.54,NA,1691718451
118,cururupu,-1.8283,-44.8683,23.57,91,4,1.54,BR,1691718600
119,dudinka,69.4058,86.1778,8.68,41,91,12.5,RU,1691718113
120,ta`u,-14.2336,-169.5144,27.64,73,100,5.62,AS,1691718653
121,tsiombe,-25.3,45.4833,18.22,50,80,4.69,MG,1691718653
122,usinsk,65.9939,57.5281,12.52,74,57,3.69,RU,1691718117
123,tofol,5.3248,163.0078,28.88,79,75,1.54,FM,1691718653
124,port mathurin,-19.6833,63.4167,23.11,78,27,9.45,MU,1691718653
125,carnarvon,-24.8667,113.6333,20.88,67,5,2.09,AU,1691718080
126,nevesinje,43.2586,18.1133,12.48,79,0,3.48,BA,1691718653
127,petropavlovsk-kamchatsky,53.0452,158.6483,20.33,49,20,2.0,RU,1691718653
128,kodiak,57.79,-152.4072,13.73,88,100,2.06,US,1691718653
129,tazovsky,67.4667,78.7,6.16,55,0,10.21,RU,1691718653
130,lagoa da canoa,-9.8297,-36.7378,18.88,97,38,1.44,BR,1691718653
131,jamestown,42.097,-79.2353,19.77,88,100,4.63,US,1691718459
132,dolbeau-mistassini,48.8763,-72.212,16.36,96,100,2.43,CA,1691718453
133,longyearbyen,78.2186,15.6401,8.91,87,100,1.54,SJ,1691718654
134,deniliquin,-35.5333,144.9667,14.54,52,1,2.68,AU,1691718654
135,kyren,51.6828,102.1408,19.45,76,6,0.31,RU,1691718654
136,kichmengskiy gorodok,59.9816,45.7854,17.13,87,0,1.26,RU,1691718654
137,pyt-yakh,60.7499,72.8582,9.14,91,100,4.75,RU,1691718654
138,la passe,45.5549,-0.8967,19.43,92,71,2.48,FR,1691718654
139,kuching,1.55,110.3333,29.99,78,20,2.24,MY,1691718654
140,gadzhiyevo,69.2551,33.3362,15.09,88,1,3.94,RU,1691718654
141,fortaleza,-3.7227,-38.5247,27.07,74,75,4.63,BR,1691718654
142,qingyang,37.4958,121.2581,27.46,57,93,7.54,CN,1691718655
143,kununurra,-15.7667,128.7333,28.99,30,80,3.09,AU,1691718655
144,hasaki,35.7333,140.8333,32.94,77,8,5.98,JP,1691718655
145,happy valley-goose bay,53.3168,-60.3315,15.17,67,75,3.6,CA,1691718062
146,kerikeri,-35.2268,173.9474,13.93,43,6,2.77,NZ,1691718091
147,vernon,50.2581,-119.2691,25.42,44,62,2.24,CA,1691718190
148,kumagunnam,13.1551,10.6342,23.42,82,98,2.95,NG,1691718655
149,america dourada,-11.4553,-41.4361,18.13,82,70,4.68,BR,1691718655
150,jarny,49.1574,5.8788,19.45,92,10,0.86,FR,1691718655
151,codrington,-38.2667,141.9667,13.47,71,100,6.17,AU,1691718144
152,palmview south,26.2156,-98.3786,32.92,67,0,9.77,US,1691718655
153,college,64.8569,-147.8028,20.97,72,75,1.54,US,1691718655
154,kalmunai,7.4167,81.8167,27.74,71,99,3.03,LK,1691718655
155,shenjiamen,29.9576,122.298,28.88,77,79,1.07,CN,1691718655
156,sierra grande,-41.606,-65.3557,12.54,41,2,10.63,AR,1691718656
157,port victoria,0.0939,33.9756,18.64,85,64,3.44,KE,1691718656
158,tomatlan,19.9333,-105.25,26.44,86,42,0.66,MX,1691718656
159,howrah,22.5892,88.3103,27.0,89,75,1.54,IN,1691718656
160,aioun,16.6614,-9.6149,31.56,49,73,6.49,MR,1691718656
161,mumford,5.2618,-0.759,22.8,94,27,3.93,GH,1691718656
162,nagqu,31.5,92.0,9.69,78,100,0.42,CN,1691718656
163,namibe,-15.1961,12.1522,15.79,83,7,4.98,AO,1691718656
164,haenam,34.5711,126.5989,28.57,69,9,4.39,KR,1691718656
165,khawr fakkan,25.3313,56.342,30.03,75,22,1.67,AE,1691718656
166,jijel,36.8205,5.7667,21.97,68,0,1.03,DZ,1691718656
167,leticia,-4.2153,-69.9406,27.03,89,40,4.12,CO,1691718657
168,lihue,21.9789,-159.3672,30.77,62,20,6.17,US,1691718657
169,kiunga,-6.1219,141.2906,26.62,68,98,2.5,PG,1691718177
170,goure,13.9835,10.2704,24.23,74,98,3.09,NE,1691718657
171,wynyard,-41.0,145.7167,12.57,78,100,4.5,AU,1691718657
172,lautoka,-17.6167,177.4667,21.92,83,100,3.09,FJ,1691718657
173,walvis bay,-22.9575,14.5053,13.53,94,63,2.57,NA,1691718139
174,nantucket,41.2835,-70.0995,23.33,75,40,5.66,US,1691718388
175,shache,38.4167,77.2406,28.45,29,100,4.81,CN,1691718657
176,vorgashor,67.5833,63.95,6.24,85,89,4.74,RU,1691718657
177,olonkinbyen,70.9221,-8.7187,6.36,99,98,2.97,SJ,1691718657
178,lamporecchio,43.8088,10.8886,23.56,74,18,0.7,IT,1691718657
179,ust'-kulom,61.6864,53.6902,14.01,77,8,1.14,RU,1691718060
180,oeiras do para,-2.0031,-49.8544,25.71,77,58,1.68,BR,1691718658
181,bandarbeyla,9.4942,50.8122,24.08,79,6,11.8,SO,1691718658
182,richards bay,-28.783,32.0377,14.78,85,1,3.46,ZA,1691718228
183,naberera,-4.2,36.9333,12.71,92,62,1.9,TZ,1691718658
184,qamdo,31.1667,97.2333,9.1,81,100,0.89,CN,1691718658
185,kindu,-2.95,25.95,21.17,87,95,0.71,CD,1691718107
186,singkil,-7.9855,111.4161,27.54,54,14,2.91,ID,1691718658
187,mugia,43.1041,-9.2179,19.95,93,24,3.59,ES,1691718075
188,hawaiian paradise park,19.5933,-154.9731,27.73,80,0,4.63,US,1691718658
189,talnakh,69.4865,88.3972,8.45,65,100,8.07,RU,1691718658
190,lamar,33.6668,-95.5836,33.13,66,0,2.57,US,1691718659
191,extrema,-22.8547,-46.3183,17.78,68,26,2.44,BR,1691718659
192,santiago de cao,-7.9589,-79.2392,21.07,83,75,3.6,PE,1691718659
193,praia da vitoria,38.7333,-27.0667,23.14,88,40,3.69,PT,1691718659
194,nochistlan de mejia,21.3667,-102.85,20.1,62,100,2.17,MX,1691718659
195,porto novo,6.4965,2.6036,25.9,87,100,2.81,BJ,1691718659
196,lagunillas,10.1301,-71.2595,25.54,85,100,2.36,VE,1691718659
197,buala,-8.145,159.5921,25.89,87,100,6.43,SB,1691718659
198,basco,20.4487,121.9702,28.08,84,100,9.42,PH,1691718147
199,ciudad tula,23.0,-99.7167,21.43,71,100,2.39,MX,1691718660
200,todos santos,23.45,-110.2167,28.14,82,87,0.69,MX,1691718660
201,punta arenas,-53.15,-70.9167,1.62,81,12,4.93,CL,1691718492
202,santa cruz,-17.8,-63.1667,25.7,73,0,5.66,BO,1691718660
203,kimbe,-5.5502,150.1429,29.58,55,80,5.73,PG,1691718660
204,hami,42.8,93.45,32.37,16,0,2.99,CN,1691718122
205,nemuro,43.3236,145.575,21.08,92,100,6.54,JP,1691718660
206,fuglafjordur,62.244,-6.814,12.26,98,96,6.79,FO,1691718660
207,kittila,67.6647,24.8936,9.08,100,100,0.51,FI,1691718660
208,tadine,-21.55,167.8833,20.09,52,0,7.85,NC,1691718092
209,ketchikan,55.3422,-131.6461,16.26,88,100,6.17,US,1691718661
210,mossel bay,-34.1831,22.146,17.32,52,0,3.05,ZA,1691718104
211,yonan-up,37.9089,126.1611,22.71,94,100,5.12,KP,1691718661
212,kismayo,-0.3582,42.5454,24.01,83,82,6.37,SO,1691718661
213,chipinge,-20.1883,32.6236,10.16,93,41,1.91,ZW,1691718661
214,san patricio,28.017,-97.5169,31.97,74,0,7.24,US,1691718151
215,malabar,-33.9667,151.25,18.77,42,0,1.72,AU,1691718661
216,udachny,66.4167,112.4,20.28,62,99,4.46,RU,1691718661
217,vila do maio,15.1333,-23.2167,26.44,73,98,3.94,CV,1691718662
218,sterling,39.0062,-77.4286,24.25,80,0,4.63,US,1691718662
219,ulety,51.3572,112.4849,18.06,77,100,3.66,RU,1691718662
220,bamboo flat,11.7,92.7167,29.05,84,40,3.09,IN,1691718111
221,georgetown,5.4112,100.3354,28.96,81,20,1.54,MY,1691718662
222,qaqortoq,60.7167,-46.0333,6.81,77,100,0.54,GL,1691718662
223,vadso,70.0744,29.7487,17.09,77,20,6.69,NO,1691718088
224,yelizovo,53.1873,158.3805,20.08,52,20,2.0,RU,1691718183
225,jackson,42.4165,-122.8345,33.93,31,0,5.14,US,1691718653
226,klyuchi,52.2667,79.1667,15.9,84,100,6.15,RU,1691718662
227,scarborough,54.2797,-0.4044,19.39,85,15,2.68,GB,1691718499
228,akdagmadeni,39.6603,35.8836,17.71,74,0,1.37,TR,1691718663
229,strugi-krasnyye,58.2675,29.1114,13.5,95,100,1.27,RU,1691718663
230,nuuk,64.1835,-51.7216,8.34,87,75,6.69,GL,1691718092
231,emerald,-23.5333,148.1667,23.52,40,0,0.4,AU,1691718153
232,aykhal,66.0,111.5,18.46,72,100,2.59,RU,1691718663
233,neusiedl am see,47.9357,16.8325,13.73,74,6,2.21,AT,1691718663
234,maffra,-37.9667,146.9833,15.77,40,98,3.16,AU,1691718663
235,kilindoni,-7.9139,39.6668,24.17,74,7,6.41,TZ,1691718663
236,aral,40.5156,81.2636,30.98,22,100,1.67,CN,1691718144
237,nuevo ideal,24.8875,-105.0728,18.46,70,100,2.6,MX,1691718664
238,port augusta,-32.5,137.7667,17.04,45,0,2.32,AU,1691718664
239,bontang,0.1333,117.5,27.92,73,100,4.41,ID,1691718118
240,khandyga,62.6667,135.6,25.14,32,1,2.36,RU,1691718173
241,kaya,13.0917,-1.0844,23.11,91,79,4.3,BF,1691718664
242,berdigestyakh,62.0989,126.6992,23.68,48,0,4.05,RU,1691718126
243,nar'yan-mar,67.6713,53.087,13.15,72,6,1.09,RU,1691718664
244,brookings,44.3114,-96.7984,26.0,73,75,7.72,US,1691718162
245,motueka,-41.1333,173.0167,11.17,59,14,1.65,NZ,1691718664
246,tahe,52.3333,124.7333,24.68,52,100,3.14,CN,1691718197
247,afaahiti,-17.75,-149.2833,25.93,69,100,8.24,PF,1691718113
248,eltmann,49.9667,10.6667,15.81,67,0,0.77,DE,1691718566
249,saint-pierre,-21.3393,55.4781,19.82,64,0,3.6,RE,1691718077
250,havre,49.5833,0.3333,19.0,94,20,3.6,FR,1691718665
251,robore,-18.3333,-59.75,26.6,42,0,2.18,BO,1691718665
252,gaspe,48.8334,-64.4819,14.95,100,100,1.03,CA,1691718482
253,galle,6.0367,80.217,27.2,79,95,2.44,LK,1691718665
254,nicoya,10.1483,-85.452,25.73,88,100,0.48,CR,1691718147
255,sisimiut,66.9395,-53.6735,7.95,88,100,4.61,GL,1691718103
256,al jawf,29.5,38.75,26.73,37,0,5.25,SA,1691718665
257,moncao,42.0789,-8.4808,20.29,76,0,0.96,PT,1691718665
258,padang,-0.9492,100.3543,26.03,77,51,1.62,ID,1691718168
259,alofi,-19.0595,-169.9187,28.94,74,35,3.6,NU,1691718665
260,cadale,2.7603,46.3222,24.47,82,76,8.54,SO,1691718665
261,santa ana,33.7456,-117.8678,28.58,75,75,4.63,US,1691718574
262,waingapu,-9.6567,120.2641,27.49,63,47,6.04,ID,1691718666
263,papatowai,-46.5619,169.4708,7.84,74,99,1.62,NZ,1691718666
264,vila franca do campo,37.7167,-25.4333,23.23,93,84,2.53,PT,1691718198
265,japaratuba,-10.5933,-36.9403,24.6,93,12,2.02,BR,1691718666
266,ancud,-41.8697,-73.8203,6.18,75,34,4.88,CL,1691718401
267,placer,39.0666,-120.7677,26.91,32,0,0.89,US,1691718666
268,amos,48.5669,-78.1162,12.05,97,96,2.28,CA,1691718666
269,tosontsengel,48.7567,98.2839,16.61,64,0,1.02,MN,1691718666
270,kapoeta,4.7717,33.5903,23.15,69,2,0.66,SS,1691718666
271,khanbari,27.3747,87.2039,24.35,92,100,0.15,NP,1691718667
272,al hasakah,36.5024,40.7477,32.26,29,0,5.46,SY,1691718667
273,mantua,45.1667,10.7833,22.58,85,100,0.89,IT,1691718667
274,coracora,-15.0333,-73.7833,10.9,44,0,0.62,PE,1691718667
275,six-fours-les-plages,43.0938,5.84,20.81,85,4,2.45,FR,1691718667
276,boiling springs,35.0465,-81.9818,26.08,78,0,2.06,US,1691718556
277,new norfolk,-42.7826,147.0587,12.72,73,100,2.8,AU,1691718667
278,tiquipaya,-17.3382,-66.2189,18.4,30,20,5.14,BO,1691718166
279,cidreira,-30.1811,-50.2056,17.63,96,95,6.83,BR,1691718101
280,kailua-kona,19.6406,-155.9956,27.98,77,75,4.63,US,1691718562
281,sarandi,-23.4436,-51.8739,25.75,50,0,5.14,BR,1691718667
282,novovorontsovka,47.5004,33.9175,20.33,93,100,4.0,UA,1691718667
283,saacow,1.6279,42.4407,22.13,87,84,3.72,SO,1691718668
284,pechora,65.1472,57.2244,13.2,72,67,2.63,RU,1691718668
285,mangaratiba,-22.9597,-44.0406,22.48,86,4,2.2,BR,1691718668
286,santa terezinha,-29.9002,-50.0904,17.72,96,72,5.68,BR,1691718668
287,dampit,-8.2116,112.7493,25.94,48,8,2.59,ID,1691718668
288,as suwayrah,32.9256,44.7758,35.56,19,0,4.15,IQ,1691718668
289,ola,59.5833,151.2833,21.75,68,0,2.31,RU,1691718192
290,smithers,54.7804,-127.1743,20.18,49,75,1.03,CA,1691718089
291,zagora,30.3484,-5.8365,32.46,18,11,2.61,MA,1691718669
292,kavieng,-2.5744,150.7967,27.85,75,97,6.64,PG,1691718152
293,taro,-8.3862,115.28,23.0,56,57,1.67,ID,1691718670
294,maragogi,-9.0122,-35.2225,23.43,85,65,3.88,BR,1691718107
295,trevelin,-43.0858,-71.4639,3.71,84,10,3.44,AR,1691718670
296,tokar,18.4254,37.729,32.3,43,60,8.93,SD,1691718670
297,citra,29.4119,-82.1098,30.23,97,0,3.21,US,1691718670
298,berezovo,63.9381,65.0419,11.74,68,3,3.89,RU,1691718670
299,flying fish cove,-10.4217,105.6791,25.82,78,40,5.66,CX,1691718670
300,la'ie,21.6477,-157.9253,30.98,66,14,6.54,US,1691718090
301,labytnangi,66.6572,66.4183,11.05,73,0,1.54,RU,1691718670
302,sandona,1.2915,-77.4741,15.38,87,98,3.2,CO,1691718671
303,island harbour,50.724,-1.2758,19.4,94,100,2.68,GB,1691718671
304,tezu,27.9167,96.1667,25.69,98,100,0.38,IN,1691718671
305,vilyuysk,63.7553,121.6247,23.0,51,100,4.52,RU,1691718671
306,posto fiscal rolim de moura,-13.0833,-62.2667,26.7,46,31,1.08,BR,1691718671
307,southwick,42.0548,-72.7704,21.82,96,100,3.6,US,1691718671
308,namtsy,62.7161,129.6658,23.08,50,99,5.28,RU,1691718671
309,nakhon luang,14.4628,100.6083,31.21,61,100,4.75,TH,1691718671
310,los altos,37.3852,-122.1141,27.5,65,0,8.75,US,1691718590
311,buka,40.8108,69.1986,25.57,29,0,2.06,UZ,1691718671
312,taroudant,30.4703,-8.877,35.69,21,54,3.4,MA,1691718672
313,ghanzi,-21.5667,21.7833,10.09,59,3,4.63,BW,1691718672
314,marica,-22.9194,-42.8186,24.95,84,29,3.17,BR,1691718672
315,jalpan,21.2333,-99.4833,26.58,71,10,1.11,MX,1691718672
316,sinabang,2.4803,96.3801,27.24,78,91,0.71,ID,1691718097
317,pacific grove,36.6177,-121.9166,21.78,88,75,3.13,US,1691718672
318,moundou,8.5667,16.0833,21.27,98,100,1.28,TD,1691718672
319,kurumkan,54.3,110.3,16.62,90,100,1.88,RU,1691718672
320,naze,28.3667,129.4833,27.51,78,100,1.57,JP,1691718169
321,castillos,-34.1667,-53.8333,15.78,95,100,2.31,UY,1691718672
322,al quwayrah,29.8004,35.3116,24.0,62,0,1.78,JO,1691718673
323,reynosa,26.0833,-98.2833,32.91,65,0,9.77,MX,1691718673
324,peace river,56.2501,-117.286,15.17,94,100,3.6,CA,1691718673
325,moss point,30.4116,-88.5345,32.03,84,0,1.54,US,1691718673
326,constantia,44.1833,28.65,20.39,63,97,6.76,RO,1691718673
327,genhe,50.7833,121.5167,20.68,64,100,2.13,CN,1691718673
328,matoury,4.8483,-52.3317,24.98,94,52,0.0,GF,1691718673
329,kayangel,8.0823,134.7173,27.89,82,100,8.98,PW,1691718673
330,sabang,5.8933,95.3214,27.92,77,60,5.51,ID,1691718673
331,tongouson,5.0214,120.1328,29.22,67,82,4.12,PH,1691718674
332,crane,31.3974,-102.3501,36.52,19,44,3.25,US,1691718674
333,san borja,-14.8167,-66.85,26.13,59,26,1.11,BO,1691718674
334,pariaman,-0.619,100.12,28.03,81,92,1.78,ID,1691718674
335,banda,25.4833,80.3333,28.05,69,99,4.79,IN,1691718559
336,indramayu,-6.3264,108.32,27.14,51,44,3.98,ID,1691718674
337,kish,26.5578,54.0194,32.15,84,46,2.06,IR,1691718674
338,grand baie,-20.0182,57.5802,20.81,78,15,2.84,MU,1691718674
339,wenshui,28.4506,106.5267,27.21,72,26,1.65,CN,1691718674
340,orchomenos,38.4929,22.9796,19.99,75,41,1.5,GR,1691718674
341,south suffolk,36.7171,-76.5902,25.94,88,0,2.57,US,1691718674
342,horsham,51.064,-0.3272,19.24,83,0,2.06,GB,1691718674
343,kombissiri,12.0656,-1.3375,24.99,97,95,2.91,BF,1691718675
344,togur,58.3631,82.8265,11.83,95,100,2.95,RU,1691718675
345,kardzhali,41.65,25.3667,15.84,85,9,2.22,BG,1691718675
346,kingston,17.997,-76.7936,26.25,96,58,0.45,JM,1691717884
347,salinopolis,-0.6136,-47.3561,25.75,85,13,4.2,BR,1691718675
348,akureyri,65.6835,-18.0878,6.96,87,100,1.54,IS,1691718079
349,dunedin,-45.8742,170.5036,8.93,54,99,0.49,NZ,1691718635
350,matane,48.8286,-67.522,12.35,95,59,3.43,CA,1691718675
351,milngavie,55.9407,-4.3231,18.81,81,75,1.54,GB,1691718675
352,port shepstone,-30.7414,30.455,16.11,87,4,6.4,ZA,1691718676
353,envira,-7.3,-70.2167,24.68,74,35,0.9,BR,1691718676
354,moussoro,13.6408,16.4901,28.01,69,24,3.53,TD,1691718676
355,san matias,-16.3667,-58.4,27.84,27,0,2.67,BO,1691718676
356,tulchyn,48.6745,28.8464,11.07,89,9,3.39,UA,1691718676
357,selfoss,63.9331,-20.9971,13.36,86,60,4.18,IS,1691718676
358,constitucion,-35.3333,-72.4167,9.43,87,100,1.81,CL,1691718178
359,sur,22.5667,59.5289,29.3,63,98,3.0,OM,1691718676
360,vittel,48.2009,5.9484,16.9,82,0,1.54,FR,1691718676
361,luanda,-8.8368,13.2343,20.0,94,0,3.09,AO,1691718676
362,holualoa,19.6228,-155.9522,25.91,78,75,4.63,US,1691718676
363,rongelap,11.1635,166.8941,28.29,74,100,5.97,MH,1691718677
364,bundibugyo,0.7414,30.0417,19.06,85,19,1.39,UG,1691718677
365,alice,27.7523,-98.0697,32.09,62,0,9.77,US,1691718677
366,anna regina,7.2644,-58.5077,27.21,78,2,3.87,GY,1691718677
367,al ghayzah,16.2079,52.176,25.78,90,100,2.78,YE,1691718677
368,yuzhno-kurilsk,44.0306,145.8556,22.45,86,100,4.88,RU,1691718677
369,coahuayana de hidalgo,18.7,-103.6583,27.64,82,92,1.22,MX,1691718677
370,jinghong,21.991,100.7341,24.86,93,97,0.67,CN,1691718677
371,hastings,50.8552,0.5729,18.21,33,100,3.86,GB,1691718677
372,mananjary,-21.2167,48.3333,18.81,93,82,4.35,MG,1691718678
373,hsinchu,24.8036,120.9686,31.99,71,72,1.34,TW,1691718678
374,meadow lake,34.8014,-106.5436,27.69,31,93,1.47,US,1691718678
375,mejit,10.2753,170.8646,28.05,78,42,5.83,MH,1691718082
376,macara,-4.3833,-79.95,24.66,60,13,1.34,EC,1691718678
377,pisco,-13.7,-76.2167,20.03,77,100,7.2,PE,1691718142
378,saint joseph,39.7686,-94.8466,26.42,83,35,4.87,US,1691718574
379,bhandara,21.1667,79.65,25.97,79,94,1.53,IN,1691718678
380,sao vicente,-23.9631,-46.3919,25.1,26,19,1.75,BR,1691718191
381,lazaro cardenas,17.9583,-102.2,28.45,77,20,3.36,MX,1691718678
382,sinop,41.7711,34.8709,19.24,95,82,0.83,TR,1691718173
383,beyneu,45.3167,55.2,27.01,33,0,3.49,KZ,1691718679
384,hun,29.1268,15.9477,24.0,67,0,2.55,LY,1691718130
385,vorkuta,67.5,64.0,6.4,86,83,4.74,RU,1691718679
386,madona,56.8533,26.217,11.12,94,99,0.76,LV,1691718679
387,saldanha,-33.0117,17.9442,9.03,54,5,5.36,ZA,1691718165
388,kruisfontein,-34.0033,24.7314,19.38,33,0,5.86,ZA,1691718679
389,arar,30.9753,41.0381,31.01,13,0,2.06,SA,1691718679
390,ovalle,-30.5983,-71.2003,13.69,70,28,1.66,CL,1691718554
391,paola,39.3599,16.0396,22.62,72,5,1.14,IT,1691718679
392,hithadhoo,-0.6,73.0833,27.84,75,100,4.76,MV,1691718679
393,hell-ville,-13.4,48.2667,23.35,78,3,1.18,MG,1691718679
394,sojat,25.9167,73.6667,26.2,79,6,5.32,IN,1691718679
395,gelemso,8.8167,40.5167,16.54,86,98,2.86,ET,1691718680
396,bocana de paiwas,12.7857,-85.1227,24.77,91,6,2.01,NI,1691718680
397,n'zeto,-7.2312,12.8666,19.91,91,0,3.35,AO,1691718680
398,pimenta bueno,-11.6725,-61.1936,30.05,35,100,1.57,BR,1691718680
399,karratha,-20.7377,116.8463,25.55,35,4,2.97,AU,1691718150
400,carutapera,-1.195,-46.02,24.42,90,11,2.15,BR,1691718193
401,mumbwa,-14.9783,27.0619,12.89,71,0,3.13,ZM,1691718680
402,careiro da varzea,-3.2003,-59.8119,26.35,67,26,1.47,BR,1691718680
403,ghadamis,30.1337,9.5007,25.45,34,0,4.59,LY,1691718680
404,caetite,-14.0694,-42.475,17.43,68,62,5.18,BR,1691718680
405,cheremukhovo,60.3484,59.9851,13.01,73,52,1.11,RU,1691718680
406,marat,25.0701,45.4615,31.92,14,77,3.0,SA,1691718680
407,rio grande,-32.035,-52.0986,17.19,98,53,4.55,BR,1691718681
408,christchurch,-43.5333,172.6333,10.51,66,68,2.57,NZ,1691718154
409,tocopilla,-22.092,-70.1979,18.37,71,50,3.86,CL,1691718681
410,malindi,-3.2175,40.1191,25.09,69,40,4.12,KE,1691718681
411,mccook,40.2019,-100.6257,29.03,44,0,2.57,US,1691718681
412,campos dos goytacazes,-21.75,-41.3,21.35,87,2,4.5,BR,1691718681
413,antalaha,-14.9003,50.2788,18.72,91,10,2.49,MG,1691718681
414,acajutla,13.5928,-89.8275,28.32,82,16,3.49,SV,1691718681
415,tangalle,6.024,80.7911,24.09,80,70,3.61,LK,1691718490
416,sudak,44.85,34.9667,23.98,71,82,0.86,UA,1691718682
417,goshaingaon,26.4379,89.9788,25.9,95,100,0.97,IN,1691718682
418,bikenibeu village,1.3673,173.1241,29.98,79,40,2.57,KI,1691718145
419,mount isa,-20.7333,139.5,25.87,25,4,3.6,AU,1691718682
420,ippy,6.2679,21.2247,18.99,96,100,0.57,CF,1691718682
421,menongue,-14.6585,17.691,11.63,48,6,2.09,AO,1691718098
422,tolanaro,-25.0319,46.9987,18.04,72,75,2.06,MG,1691718683
423,bubaque,11.2833,-15.8333,26.57,83,84,5.97,GW,1691718683
424,darwin,-12.4611,130.8418,29.94,34,0,7.2,AU,1691718684
425,lake havasu city,34.4839,-114.3224,40.34,26,7,6.17,US,1691718684
426,bandung,-6.9039,107.6186,25.88,50,8,0.77,ID,1691718684
427,natchez,31.5604,-91.4032,30.7,42,6,3.57,US,1691718684
428,tannum sands,-23.9504,151.3693,23.94,41,40,3.6,AU,1691718684
429,marks,51.7111,46.7486,20.44,41,58,2.46,RU,1691718684
430,la ronge,55.1001,-105.2842,13.14,100,100,7.2,CA,1691718684
431,tanumah,27.1,44.1333,31.69,10,2,5.29,SA,1691718685
432,ineu,46.4333,21.85,15.67,79,61,1.47,RO,1691718685
433,augusto correa,-1.0217,-46.635,23.89,93,20,0.86,BR,1691718685
434,labrador city,52.9463,-66.9114,14.95,77,100,1.54,CA,1691718086
435,kattivakkam,13.2167,80.3167,26.71,86,100,3.96,IN,1691718201
436,lompoc,34.6391,-120.4579,24.45,86,100,2.57,US,1691718685
437,shingu,33.7333,135.9833,28.94,75,21,4.32,JP,1691718685
438,curillo,1.0333,-75.9191,24.1,89,93,1.03,CO,1691718685
439,saint-philippe,-21.3585,55.7679,19.77,78,1,2.15,RE,1691718685
440,murzuq,25.9155,13.9184,26.68,28,0,4.61,LY,1691718685
441,nizhneangarsk,55.7833,109.55,11.47,99,100,2.1,RU,1691718686
442,fauske,67.2588,15.3918,15.53,81,52,2.82,NO,1691718686
443,princeville,45.7668,-61.2985,17.36,90,40,5.66,CA,1691718686
444,bozoum,6.3193,16.3799,19.43,98,100,1.21,CF,1691718686
445,dwarka,22.2394,68.9678,27.11,82,99,7.66,IN,1691718686
446,eraan,9.0629,117.7016,30.32,69,99,4.61,PH,1691718686
447,klaksvik,62.2266,-6.589,12.51,98,99,6.85,FO,1691718095
448,viedma,-40.8135,-62.9967,13.94,39,100,7.88,AR,1691718093
449,chardara,41.2547,67.9692,25.31,36,0,3.3,KZ,1691718686
450,kasongo-lunda,-6.4667,16.8167,23.13,57,2,1.23,CD,1691718686
451,touros,-5.1989,-35.4608,24.25,82,12,6.19,BR,1691718514
452,lionel town,17.8101,-77.2406,26.93,86,83,1.95,JM,1691718687
453,dakoutun,39.5833,117.2289,28.62,67,92,2.06,CN,1691718687
454,pawni,20.7833,79.6333,26.29,79,98,1.73,IN,1691718687
455,camayenne,9.535,-13.6878,26.05,94,100,6.17,GN,1691718687
456,arraial do cabo,-22.9661,-42.0278,21.24,89,12,10.21,BR,1691718687
457,colonia,50.9333,6.95,17.14,81,0,2.06,DE,1691717854
458,juan griego,11.0817,-63.9655,27.85,80,13,6.67,VE,1691718687
459,queenstown,-31.8976,26.8753,10.01,49,0,2.99,ZA,1691718687
460,ponta delgada,37.7333,-25.6667,23.4,83,75,4.63,PT,1691718687
461,matay,28.419,30.7792,24.54,63,0,6.16,EG,1691718687
462,namdrik,5.5994,168.1028,26.91,82,100,6.05,MH,1691718688
463,taulaga,-11.0553,-171.0883,27.41,80,70,6.38,AS,1691718148
464,forster,-32.1667,152.5167,17.94,44,0,3.53,AU,1691718688
465,colonia menno,-22.3667,-59.8167,27.73,35,2,4.64,PY,1691718688
466,daru,-9.0763,143.2092,25.68,69,95,7.67,PG,1691718121
467,chibougamau,49.9168,-74.3659,16.79,77,75,2.06,CA,1691717993
468,thinadhoo,0.5333,72.9333,27.7,76,96,4.9,MV,1691718688
469,oum hadjer,13.2954,19.6966,25.57,77,88,2.48,TD,1691718094
470,tvoroyri,61.5556,-6.8111,11.59,96,57,8.01,FO,1691718688
471,alaghsas,17.0187,8.0168,29.04,50,35,2.22,NE,1691718688
472,aleksandrovsk-sakhalinskiy,50.8975,142.1561,19.66,71,96,0.42,RU,1691718688
473,sandnessjoen,66.0217,12.6316,10.29,88,62,3.96,NO,1691718688
474,alnwick,55.4132,-1.7056,19.05,94,75,1.54,GB,1691718689
475,cestos city,5.46,-9.5828,24.83,83,98,4.26,LR,1691718689
476,timimoun,29.2639,0.231,34.21,14,0,6.69,DZ,1691718689
477,koge,55.458,12.1821,12.99,90,40,2.57,DK,1691718689
478,zapata,26.9073,-99.2714,36.06,38,3,8.23,US,1691718689
479,horta,38.5333,-28.6333,20.57,88,1,3.58,PT,1691718547
480,magadan,59.5667,150.8,21.41,66,0,1.56,RU,1691718108
481,vikulovo,56.8167,70.6107,13.13,78,100,5.63,RU,1691718689
482,soto la marina,23.7667,-98.2167,28.75,84,1,6.3,MX,1691718689
483,mitsamiouli,-11.3847,43.2844,24.39,69,1,4.69,KM,1691718689
484,pacasmayo,-7.4006,-79.5714,20.23,81,44,6.43,PE,1691718689
485,naryshkino,52.9678,35.7268,16.2,91,100,4.61,RU,1691718690
486,deulgaon raja,20.0167,76.0333,23.03,83,99,4.12,IN,1691718690
487,uzgen,40.7699,73.3007,26.02,31,53,1.54,KG,1691718690
488,dhalie,13.6957,44.7314,24.24,58,53,2.18,YE,1691718690
489,kill devil hills,36.0307,-75.676,28.0,79,40,4.63,US,1691718570
490,ivdel',60.6911,60.4206,13.3,73,63,1.56,RU,1691718690
491,qarqaraly,49.4058,75.4742,15.1,83,76,4.23,KZ,1691718690
492,nova vicosa,-17.8919,-39.3719,22.14,81,52,2.83,BR,1691718690
493,east ballina,-28.8667,153.5833,24.33,42,0,2.24,AU,1691718690
494,lubango,-14.9172,13.4925,12.92,58,0,2.57,AO,1691718690
495,calipatria,33.1256,-115.5142,39.27,33,0,6.61,US,1691718691
496,manokwari,-0.8667,134.0833,28.26,71,28,2.48,ID,1691718168
497,thunder bay,48.4001,-89.3168,17.99,67,75,2.57,CA,1691718691
498,shetpe,44.1667,52.1167,25.65,39,0,2.21,KZ,1691718691
499,yondo,7.0062,-73.9097,25.31,89,99,0.66,CO,1691718691
500,ghat,24.9647,10.1728,27.25,22,0,1.7,LY,1691718691
501,tralee,52.2704,-9.7026,13.42,96,15,2.48,IE,1691718691
502,meulaboh,4.1363,96.1285,26.23,84,63,1.06,ID,1691718691
503,kuta,-8.7233,115.1723,26.97,74,40,1.54,ID,1691718691
504,wad medani,14.4012,33.5199,25.28,73,100,5.32,SD,1691718691
505,cambria,35.5641,-121.0808,22.41,88,65,0.45,US,1691718176
506,orland,39.7474,-122.1964,34.17,39,0,0.45,US,1691718692
507,chiredzi,-21.05,31.6667,13.73,78,4,2.14,ZW,1691718692
508,chinde,26.8418,88.0763,19.32,97,100,0.3,NP,1691718692
509,kulhudhuffushi,6.6221,73.07,27.72,78,86,6.52,MV,1691718692
510,tianshui,34.5439,105.6897,20.89,88,100,2.69,CN,1691718692
511,suva,-18.1416,178.4415,21.71,88,75,3.6,FJ,1691718692
512,altay,47.8667,88.1167,24.26,38,44,1.61,CN,1691718692
513,akonolinga,3.7667,12.25,19.78,99,100,1.32,CM,1691718692
514,kabalo,-6.05,26.9167,23.32,41,18,1.77,CD,1691718692
515,nueve de julio,-35.4444,-60.8831,9.42,99,97,1.34,AR,1691718692
516,vanino,49.0869,140.2543,15.36,96,100,0.43,RU,1691718693
517,semnan,35.5729,53.3971,24.65,29,0,2.58,IR,1691718138
518,tianpeng,30.9866,103.9393,27.89,74,96,1.26,CN,1691718693
519,ad dabbah,18.05,30.95,30.95,52,100,6.56,SD,1691718693
520,del rio,29.3627,-100.8968,41.06,25,0,7.6,US,1691718693
521,rayadrug,14.7,76.8667,24.12,74,89,5.73,IN,1691718693
522,shakiso,5.75,38.9167,15.53,85,86,0.36,ET,1691718693
523,isangel,-19.55,169.2667,23.06,56,75,3.09,VU,1691718693
524,sa pobla,39.7692,3.0239,25.75,86,5,3.79,ES,1691718693
525,weno,7.4515,151.8468,29.97,70,100,2.57,FM,1691718159
526,ambon,-3.6954,128.1814,27.08,78,40,3.09,ID,1691718093
527,antofagasta,-23.65,-70.4,16.6,77,14,3.9,CL,1691718088
528,kolosovka,56.4678,73.611,12.31,88,100,4.66,RU,1691718693
529,kachug,53.9606,105.8817,21.67,54,8,1.68,RU,1691718693
530,vilyuchinsk,52.9306,158.4028,20.15,71,66,3.22,RU,1691718151
531,katsuren-haebaru,26.3369,127.8719,31.21,79,40,2.06,JP,1691718192
532,kiffa,16.6166,-11.4045,32.21,50,100,8.23,MR,1691718694
533,bonthe,7.5264,-12.505,24.96,82,100,5.01,SL,1691718694
534,olinda,-8.0089,-34.8553,23.85,94,75,2.57,BR,1691718624
535,zouerate,22.7187,-12.4521,34.5,20,26,1.95,MR,1691718101
536,balsas,-7.5325,-46.0356,24.68,38,0,1.83,BR,1691718694
537,lauro de freitas,-12.8944,-38.3272,26.01,69,40,4.12,BR,1691718492
538,nadi,-17.8,177.4167,22.0,83,100,3.09,FJ,1691718694
539,mildura,-34.2,142.15,15.6,65,29,2.32,AU,1691718694
540,ciudad bolivar,8.1222,-63.5497,28.14,65,24,4.93,VE,1691718694
541,luderitz,-26.6481,15.1594,17.08,65,60,1.29,NA,1691718175
542,mayya,61.7333,130.2811,19.62,56,21,2.84,RU,1691718695
543,tsarevo,42.1667,27.85,18.97,84,85,4.66,BG,1691718695
544,mo i rana,66.3128,14.1428,14.26,79,40,1.54,NO,1691718695
545,acapulco de juarez,16.8634,-99.8901,29.9,74,20,2.06,MX,1691718398
546,turpan,42.9333,89.1667,37.15,17,0,2.97,CN,1691718133
547,dubrovytsya,51.5744,26.565,15.16,71,89,1.32,UA,1691718695
548,sittwe,20.15,92.9,25.7,89,100,2.93,MM,1691718119
549,karkkila,60.5342,24.2098,13.99,91,45,3.31,FI,1691718695
550,tejen,37.3834,60.5054,29.66,25,0,3.02,TM,1691718695
551,san fernando,15.0286,120.6898,30.85,64,90,2.23,PH,1691718695
552,kundiawa,-6.0167,144.9667,24.86,58,55,1.37,PG,1691718695
553,tazacorte,28.629,-17.9293,25.54,53,0,6.17,ES,1691718695
554,contamana,-7.3333,-75.0167,25.72,70,3,1.26,PE,1691718696
555,yarmouth,41.7057,-70.2286,23.33,93,40,5.66,US,1691718696
556,viqueque,-8.8673,126.3658,27.92,57,55,3.95,TL,1691718696
557,birao,10.2849,22.7882,21.72,93,64,1.07,CF,1691718696
558,luis correia,-2.8792,-41.6669,25.28,84,16,5.06,BR,1691718115
559,mpika,-11.8343,31.4529,10.82,74,0,3.76,ZM,1691718696
560,edmundston,47.3737,-68.3251,18.63,87,0,3.6,CA,1691718696
561,rikaze,29.25,88.8833,16.93,50,100,0.92,CN,1691718126
562,cockburn town,21.4612,-71.1419,28.88,86,100,9.63,TC,1691718133
563,shuangjiang,26.1547,109.7138,28.5,74,20,0.91,CN,1691718696
564,andergrove,-21.0833,149.1833,23.69,53,0,4.32,AU,1691718696
565,awjilah,29.1081,21.2869,25.46,52,0,6.24,LY,1691718696
566,kangding,30.0513,101.9603,21.24,73,100,1.48,CN,1691718144
567,villanueva del trabuco,37.0479,-4.3221,29.22,22,0,1.89,ES,1691718696
568,thanh hoa,19.8,105.7667,27.66,87,100,1.68,VN,1691718697
569,bhimunipatnam,17.8833,83.4333,29.05,67,100,1.35,IN,1691718697
570,belyy yar,53.6039,91.3903,18.94,68,0,1.0,RU,1691718697
571,kayyerkan,69.3786,87.7439,8.5,87,100,13.08,RU,1691718697
572,greenville,35.6127,-77.3663,26.01,87,0,0.0,US,1691718697
573,gubbio,43.3545,12.5725,18.87,82,52,1.2,IT,1691718697
574,dolores,-36.3132,-57.6792,14.31,90,66,3.75,AR,1691718697
